{
  "order": [
    1,
    1,
    1
  ],
  "seasonal_order": [
    1,
    0,
    1,
    12
  ],
  "enforce_stationarity": false,
  "enforce_invertibility": false,
  "freq": "ME",
  "start": "2000-01-31T00:00:00",
  "nobs": 120,
  "params": [
    -0.09737310267450201,
    -1.1236398670378143,
    0.9886678667993319,
    -0.7907415208578639,
    0.23118037666159452
  ]
}